{
  "mae": 1.2937804864794242,
  "rmse": 1.606165250437468,
  "r2": 0.5633990608867886,
  "test_samples": 25441
}