{
  "magnitude_min": 10.4,
  "magnitude_max": 20.7,
  "magnitude_mean": 15.26351426858749,
  "magnitude_std": 1.1462762968985318,
  "size_min": 0.148,
  "size_max": 14.707,
  "size_mean": 4.527133193136928,
  "size_std": 2.433490702594487
}